
## Sorting Results
We can sort the results of any query by using `ORDER BY` and specifying the column to sort:
```sql
SELECT * FROM logins ORDER BY password;

+----+---------------+------------+---------------------+
| id | username      | password   | date_of_joining     |
+----+---------------+------------+---------------------+
|  2 | administrator | adm1n_p@ss | 2020-07-02 11:30:50 |
|  3 | john          | john123!   | 2020-07-02 11:47:16 |
|  1 | admin         | p@ssw0rd   | 2020-07-02 00:00:00 |
|  4 | tom           | tom123!    | 2020-07-02 11:47:16 |
+----+---------------+------------+---------------------+
4 rows in set (0.00 sec)

```
By default the sort is done in ascending order, but we can also sort the results by ASC or DESC:
```sql
SELECT * FROM logins ORDER BY password DESC;

SELECT * FROM logins ORDER BY password DESC;

+----+---------------+------------+---------------------+
| id | username      | password   | date_of_joining     |
+----+---------------+------------+---------------------+
|  4 | tom           | tom123!    | 2020-07-02 11:47:16 |
|  1 | admin         | p@ssw0rd   | 2020-07-02 00:00:00 |
|  3 | john          | john123!   | 2020-07-02 11:47:16 |
|  2 | administrator | adm1n_p@ss | 2020-07-02 11:30:50 |
+----+---------------+------------+---------------------+
4 rows in set (0.00 sec)

```
It is also possible to sort by multiple columns to have a secondary sort for duplicate values in one column:
```sql
SELECT * FROM logins ORDER BY password DESC, id ASC;

+----+---------------+-----------------+---------------------+
| id | username      | password        | date_of_joining     |
+----+---------------+-----------------+---------------------+
|  1 | admin         | p@ssw0rd        | 2020-07-02 00:00:00 |
|  2 | administrator | change_password | 2020-07-02 11:30:50 |
|  3 | john          | change_password | 2020-07-02 11:47:16 |
|  4 | tom           | change_password | 2020-07-02 11:50:20 |
+----+---------------+-----------------+---------------------+
4 rows in set (0.00 sec)
```


## LIMIT results
In case our query returns a large number of records, we can LIMIT the result to what we want only using the LIMIT and the number of records we want:
```sql 
SELECT * FROM logins LIMIT 2;

+----+---------------+------------+---------------------+
| id | username      | password   | date_of_joining     |
+----+---------------+------------+---------------------+
|  1 | admin         | p@ssw0rd   | 2020-07-02 00:00:00 |
|  2 | administrator | adm1n_p@ss | 2020-07-02 11:30:50 |
+----+---------------+------------+---------------------+
2 rows in set (0.00 sec)

```
If we wanted to LIMIT results with an offset, we could specify the offset before the LIMIT count:
```sql
SELECT * FROM logins LIMIT 1, 2;

+----+---------------+------------+---------------------+
| id | username      | password   | date_of_joining     |
+----+---------------+------------+---------------------+
|  2 | administrator | adm1n_p@ss | 2020-07-02 11:30:50 |
|  3 | john          | john123!   | 2020-07-02 11:47:16 |
+----+---------------+------------+---------------------+
2 rows in set (0.00 sec)
```


## WHERE clause
To filter or search for specific data we can use conditions with the SELECT statement using the WHERE clause to fine-tune the results:
```sql
SELECT * FROM table_name WHERE <condition>
```
For example:
```sql 
SELECT * FROM logins WHERE id > 1;

+----+---------------+------------+---------------------+
| id | username      | password   | date_of_joining     |
+----+---------------+------------+---------------------+
|  2 | administrator | adm1n_p@ss | 2020-07-02 11:30:50 |
|  3 | john          | john123!   | 2020-07-02 11:47:16 |
|  4 | tom           | tom123!    | 2020-07-02 11:47:16 |
+----+---------------+------------+---------------------+
3 rows in set (0.00 sec)
```

```sql
SELECT * FROM logins WHERE username = 'admin';

+----+----------+----------+---------------------+
| id | username | password | date_of_joining     |
+----+----------+----------+---------------------+
|  1 | admin    | p@ssw0rd | 2020-07-02 00:00:00 |
+----+----------+----------+---------------------+
1 row in set (0.00 sec)
```


## LIKE clause
Another useful SQL clause is LIKE, enabling selecting records by matching a certain pattern. The query below retrieves all records with usernames starting with admin:
```sql
SELECT * FROM logins WHERE username LIKE 'admin%';

+----+---------------+------------+---------------------+
| id | username      | password   | date_of_joining     |
+----+---------------+------------+---------------------+
|  1 | admin         | p@ssw0rd   | 2020-07-02 00:00:00 |
|  4 | administrator | adm1n_p@ss | 2020-07-02 15:19:02 |
+----+---------------+------------+---------------------+
2 rows in set (0.00 sec)
```
The `%` symbol acts as a wildcard and matches all characters after admin. It is used to match zero or more characters. Similarly, the `_` symbol is used to match exactly one character:
```sql
SELECT * FROM logins WHERE username like '___';

+----+----------+----------+---------------------+
| id | username | password | date_of_joining     |
+----+----------+----------+---------------------+
|  3 | tom      | tom123!  | 2020-07-02 15:18:56 |
+----+----------+----------+---------------------+
1 row in set (0.01 sec)
```

[[SQL]]